pick,round,team_key,player_key,game_id,league_id
1,1,406.l.103661.t.5,406.p.30121,406,103661
2,1,406.l.103661.t.8,406.p.30154,406,103661
3,1,406.l.103661.t.6,406.p.29279,406,103661
4,1,406.l.103661.t.9,406.p.30180,406,103661
5,1,406.l.103661.t.3,406.p.31005,406,103661
6,1,406.l.103661.t.4,406.p.30295,406,103661
7,1,406.l.103661.t.7,406.p.29238,406,103661
8,1,406.l.103661.t.2,406.p.32711,406,103661
9,1,406.l.103661.t.10,406.p.27581,406,103661
10,1,406.l.103661.t.1,406.p.30423,406,103661
11,2,406.l.103661.t.1,406.p.26686,406,103661
12,2,406.l.103661.t.10,406.p.30972,406,103661
13,2,406.l.103661.t.2,406.p.32736,406,103661
14,2,406.l.103661.t.7,406.p.33412,406,103661
15,2,406.l.103661.t.4,406.p.29399,406,103661
16,2,406.l.103661.t.3,406.p.28534,406,103661
17,2,406.l.103661.t.9,406.p.30161,406,103661
18,2,406.l.103661.t.6,406.p.28592,406,103661
19,2,406.l.103661.t.8,406.p.30996,406,103661
20,2,406.l.103661.t.5,406.p.31896,406,103661
21,3,406.l.103661.t.5,406.p.26650,406,103661
22,3,406.l.103661.t.8,406.p.32702,406,103661
23,3,406.l.103661.t.6,406.p.30977,406,103661
24,3,406.l.103661.t.9,406.p.31883,406,103661
25,3,406.l.103661.t.3,406.p.31908,406,103661
26,3,406.l.103661.t.4,406.p.32692,406,103661
27,3,406.l.103661.t.7,406.p.27589,406,103661
28,3,406.l.103661.t.2,406.p.31905,406,103661
29,3,406.l.103661.t.10,406.p.26699,406,103661
30,3,406.l.103661.t.1,406.p.32687,406,103661
31,4,406.l.103661.t.1,406.p.33138,406,103661
32,4,406.l.103661.t.10,406.p.32705,406,103661
33,4,406.l.103661.t.2,406.p.30259,406,103661
34,4,406.l.103661.t.7,406.p.30182,406,103661
35,4,406.l.103661.t.4,406.p.30123,406,103661
36,4,406.l.103661.t.3,406.p.30362,406,103661
37,4,406.l.103661.t.9,406.p.27535,406,103661
38,4,406.l.103661.t.6,406.p.28457,406,103661
39,4,406.l.103661.t.8,406.p.28392,406,103661
40,4,406.l.103661.t.5,406.p.31424,406,103661
41,5,406.l.103661.t.5,406.p.31856,406,103661
42,5,406.l.103661.t.8,406.p.30197,406,103661
43,5,406.l.103661.t.6,406.p.32066,406,103661
44,5,406.l.103661.t.9,406.p.31885,406,103661
45,5,406.l.103661.t.3,406.p.26664,406,103661
46,5,406.l.103661.t.4,406.p.31902,406,103661
47,5,406.l.103661.t.7,406.p.31919,406,103661
48,5,406.l.103661.t.2,406.p.29369,406,103661
49,5,406.l.103661.t.10,406.p.31002,406,103661
50,5,406.l.103661.t.1,406.p.30994,406,103661
51,6,406.l.103661.t.1,406.p.24793,406,103661
52,6,406.l.103661.t.10,406.p.31056,406,103661
53,6,406.l.103661.t.2,406.p.27277,406,103661
54,6,406.l.103661.t.7,406.p.31833,406,103661
55,6,406.l.103661.t.4,406.p.33392,406,103661
56,6,406.l.103661.t.3,406.p.30199,406,103661
57,6,406.l.103661.t.9,406.p.27548,406,103661
58,6,406.l.103661.t.6,406.p.31898,406,103661
59,6,406.l.103661.t.8,406.p.33423,406,103661
60,6,406.l.103661.t.5,406.p.31840,406,103661
61,7,406.l.103661.t.5,406.p.25785,406,103661
62,7,406.l.103661.t.8,406.p.32695,406,103661
63,7,406.l.103661.t.6,406.p.32685,406,103661
64,7,406.l.103661.t.9,406.p.28514,406,103661
65,7,406.l.103661.t.3,406.p.32703,406,103661
66,7,406.l.103661.t.4,406.p.33476,406,103661
67,7,406.l.103661.t.7,406.p.32719,406,103661
68,7,406.l.103661.t.2,406.p.29288,406,103661
69,7,406.l.103661.t.10,406.p.28403,406,103661
70,7,406.l.103661.t.1,406.p.31104,406,103661
71,8,406.l.103661.t.1,406.p.5228,406,103661
72,8,406.l.103661.t.10,406.p.29281,406,103661
73,8,406.l.103661.t.2,406.p.27540,406,103661
74,8,406.l.103661.t.7,406.p.28654,406,103661
75,8,406.l.103661.t.4,406.p.29785,406,103661
76,8,406.l.103661.t.3,406.p.31008,406,103661
77,8,406.l.103661.t.9,406.p.27648,406,103661
78,8,406.l.103661.t.6,406.p.31868,406,103661
79,8,406.l.103661.t.8,406.p.7200,406,103661
80,8,406.l.103661.t.5,406.p.30175,406,103661
81,9,406.l.103661.t.5,406.p.32732,406,103661
82,9,406.l.103661.t.8,406.p.30777,406,103661
83,9,406.l.103661.t.6,406.p.24171,406,103661
84,9,406.l.103661.t.9,406.p.32676,406,103661
85,9,406.l.103661.t.3,406.p.29344,406,103661
86,9,406.l.103661.t.4,406.p.31010,406,103661
87,9,406.l.103661.t.7,406.p.33393,406,103661
88,9,406.l.103661.t.2,406.p.30218,406,103661
89,9,406.l.103661.t.10,406.p.30209,406,103661
90,9,406.l.103661.t.1,406.p.30118,406,103661
91,10,406.l.103661.t.1,406.p.31001,406,103661
92,10,406.l.103661.t.10,406.p.31960,406,103661
93,10,406.l.103661.t.2,406.p.33398,406,103661
94,10,406.l.103661.t.7,406.p.31852,406,103661
95,10,406.l.103661.t.4,406.p.30117,406,103661
96,10,406.l.103661.t.3,406.p.33495,406,103661
97,10,406.l.103661.t.9,406.p.31031,406,103661
98,10,406.l.103661.t.6,406.p.25876,406,103661
99,10,406.l.103661.t.8,406.p.29307,406,103661
100,10,406.l.103661.t.5,406.p.32723,406,103661
101,11,406.l.103661.t.5,406.p.31051,406,103661
102,11,406.l.103661.t.8,406.p.32704,406,103661
103,11,406.l.103661.t.6,406.p.28691,406,103661
104,11,406.l.103661.t.9,406.p.30247,406,103661
105,11,406.l.103661.t.3,406.p.9265,406,103661
106,11,406.l.103661.t.4,406.p.33109,406,103661
107,11,406.l.103661.t.7,406.p.32712,406,103661
108,11,406.l.103661.t.2,406.p.28461,406,103661
109,11,406.l.103661.t.10,406.p.32756,406,103661
110,11,406.l.103661.t.1,406.p.27591,406,103661
111,12,406.l.103661.t.1,406.p.30153,406,103661
112,12,406.l.103661.t.10,406.p.33394,406,103661
113,12,406.l.103661.t.2,406.p.31164,406,103661
114,12,406.l.103661.t.7,406.p.30213,406,103661
115,12,406.l.103661.t.4,406.p.26534,406,103661
116,12,406.l.103661.t.3,406.p.25718,406,103661
117,12,406.l.103661.t.9,406.p.31906,406,103661
118,12,406.l.103661.t.6,406.p.30346,406,103661
119,12,406.l.103661.t.8,406.p.31019,406,103661
120,12,406.l.103661.t.5,406.p.25881,406,103661
121,13,406.l.103661.t.5,406.p.9353,406,103661
122,13,406.l.103661.t.8,406.p.100014,406,103661
123,13,406.l.103661.t.6,406.p.100033,406,103661
124,13,406.l.103661.t.9,406.p.100023,406,103661
125,13,406.l.103661.t.3,406.p.100027,406,103661
126,13,406.l.103661.t.4,406.p.31934,406,103661
127,13,406.l.103661.t.7,406.p.100025,406,103661
128,13,406.l.103661.t.2,406.p.100007,406,103661
129,13,406.l.103661.t.10,406.p.33006,406,103661
130,13,406.l.103661.t.1,406.p.33391,406,103661
131,14,406.l.103661.t.1,406.p.100028,406,103661
132,14,406.l.103661.t.10,406.p.33508,406,103661
133,14,406.l.103661.t.2,406.p.9520,406,103661
134,14,406.l.103661.t.7,406.p.32231,406,103661
135,14,406.l.103661.t.4,406.p.29255,406,103661
136,14,406.l.103661.t.3,406.p.30120,406,103661
137,14,406.l.103661.t.9,406.p.30426,406,103661
138,14,406.l.103661.t.6,406.p.26060,406,103661
139,14,406.l.103661.t.8,406.p.32843,406,103661
140,14,406.l.103661.t.5,406.p.100017,406,103661
141,15,406.l.103661.t.5,406.p.31074,406,103661
142,15,406.l.103661.t.8,406.p.32858,406,103661
143,15,406.l.103661.t.6,406.p.26660,406,103661
144,15,406.l.103661.t.9,406.p.32682,406,103661
145,15,406.l.103661.t.3,406.p.29315,406,103661
146,15,406.l.103661.t.4,406.p.28474,406,103661
147,15,406.l.103661.t.7,406.p.33211,406,103661
148,15,406.l.103661.t.2,406.p.31857,406,103661
149,15,406.l.103661.t.10,406.p.32018,406,103661
150,15,406.l.103661.t.1,406.p.7520,406,103661
1,1,399.l.12514.t.6,399.p.30121,399,12514
2,1,399.l.12514.t.3,399.p.30972,399,12514
3,1,399.l.12514.t.8,399.p.29238,399,12514
4,1,399.l.12514.t.4,399.p.29279,399,12514
5,1,399.l.12514.t.2,399.p.32702,399,12514
6,1,399.l.12514.t.10,399.p.29281,399,12514
7,1,399.l.12514.t.7,399.p.30180,399,12514
8,1,399.l.12514.t.1,399.p.27581,399,12514
9,1,399.l.12514.t.9,399.p.30154,399,12514
10,1,399.l.12514.t.5,399.p.29307,399,12514
11,2,399.l.12514.t.5,399.p.31856,399,12514
12,2,399.l.12514.t.9,399.p.24793,399,12514
13,2,399.l.12514.t.1,399.p.31885,399,12514
14,2,399.l.12514.t.7,399.p.30161,399,12514
15,2,399.l.12514.t.10,399.p.31005,399,12514
16,2,399.l.12514.t.2,399.p.30423,399,12514
17,2,399.l.12514.t.4,399.p.26650,399,12514
18,2,399.l.12514.t.8,399.p.31002,399,12514
19,2,399.l.12514.t.3,399.p.26686,399,12514
20,2,399.l.12514.t.6,399.p.30295,399,12514
21,3,399.l.12514.t.6,399.p.29399,399,12514
22,3,399.l.12514.t.3,399.p.30197,399,12514
23,3,399.l.12514.t.8,399.p.30218,399,12514
24,3,399.l.12514.t.4,399.p.30362,399,12514
25,3,399.l.12514.t.2,399.p.30259,399,12514
26,3,399.l.12514.t.10,399.p.28398,399,12514
27,3,399.l.12514.t.7,399.p.30123,399,12514
28,3,399.l.12514.t.1,399.p.30209,399,12514
29,3,399.l.12514.t.9,399.p.27277,399,12514
30,3,399.l.12514.t.5,399.p.27589,399,12514
31,4,399.l.12514.t.5,399.p.31908,399,12514
32,4,399.l.12514.t.9,399.p.27535,399,12514
33,4,399.l.12514.t.1,399.p.24815,399,12514
34,4,399.l.12514.t.7,399.p.30994,399,12514
35,4,399.l.12514.t.10,399.p.30175,399,12514
36,4,399.l.12514.t.2,399.p.27540,399,12514
37,4,399.l.12514.t.4,399.p.28474,399,12514
38,4,399.l.12514.t.8,399.p.32711,399,12514
39,4,399.l.12514.t.3,399.p.30996,399,12514
40,4,399.l.12514.t.6,399.p.28392,399,12514
41,5,399.l.12514.t.6,399.p.31896,399,12514
42,5,399.l.12514.t.3,399.p.28654,399,12514
43,5,399.l.12514.t.8,399.p.28457,399,12514
44,5,399.l.12514.t.4,399.p.31010,399,12514
45,5,399.l.12514.t.2,399.p.30182,399,12514
46,5,399.l.12514.t.10,399.p.31905,399,12514
47,5,399.l.12514.t.7,399.p.31883,399,12514
48,5,399.l.12514.t.1,399.p.31031,399,12514
49,5,399.l.12514.t.9,399.p.31056,399,12514
50,5,399.l.12514.t.5,399.p.26671,399,12514
51,6,399.l.12514.t.5,399.p.30199,399,12514
52,6,399.l.12514.t.9,399.p.29369,399,12514
53,6,399.l.12514.t.1,399.p.32705,399,12514
54,6,399.l.12514.t.7,399.p.26664,399,12514
55,6,399.l.12514.t.10,399.p.25785,399,12514
56,6,399.l.12514.t.2,399.p.28403,399,12514
57,6,399.l.12514.t.4,399.p.31008,399,12514
58,6,399.l.12514.t.8,399.p.26658,399,12514
59,6,399.l.12514.t.3,399.p.31906,399,12514
60,6,399.l.12514.t.6,399.p.31833,399,12514
61,7,399.l.12514.t.6,399.p.32722,399,12514
62,7,399.l.12514.t.3,399.p.31051,399,12514
63,7,399.l.12514.t.8,399.p.26699,399,12514
64,7,399.l.12514.t.4,399.p.28534,399,12514
65,7,399.l.12514.t.2,399.p.25802,399,12514
66,7,399.l.12514.t.10,399.p.30136,399,12514
67,7,399.l.12514.t.7,399.p.24791,399,12514
68,7,399.l.12514.t.1,399.p.32725,399,12514
69,7,399.l.12514.t.9,399.p.28402,399,12514
70,7,399.l.12514.t.5,399.p.31857,399,12514
71,8,399.l.12514.t.5,399.p.29288,399,12514
72,8,399.l.12514.t.9,399.p.26534,399,12514
73,8,399.l.12514.t.1,399.p.29255,399,12514
74,8,399.l.12514.t.7,399.p.30117,399,12514
75,8,399.l.12514.t.10,399.p.30125,399,12514
76,8,399.l.12514.t.2,399.p.31934,399,12514
77,8,399.l.12514.t.4,399.p.5479,399,12514
78,8,399.l.12514.t.8,399.p.9496,399,12514
79,8,399.l.12514.t.3,399.p.28592,399,12514
80,8,399.l.12514.t.6,399.p.27591,399,12514
81,9,399.l.12514.t.6,399.p.29344,399,12514
82,9,399.l.12514.t.3,399.p.31001,399,12514
83,9,399.l.12514.t.8,399.p.30346,399,12514
84,9,399.l.12514.t.4,399.p.29384,399,12514
85,9,399.l.12514.t.2,399.p.8780,399,12514
86,9,399.l.12514.t.10,399.p.25876,399,12514
87,9,399.l.12514.t.7,399.p.29269,399,12514
88,9,399.l.12514.t.1,399.p.31898,399,12514
89,9,399.l.12514.t.9,399.p.32756,399,12514
90,9,399.l.12514.t.5,399.p.32736,399,12514
91,10,399.l.12514.t.5,399.p.26804,399,12514
92,10,399.l.12514.t.9,399.p.8261,399,12514
93,10,399.l.12514.t.1,399.p.30256,399,12514
94,10,399.l.12514.t.7,399.p.30552,399,12514
95,10,399.l.12514.t.10,399.p.24017,399,12514
96,10,399.l.12514.t.2,399.p.30232,399,12514
97,10,399.l.12514.t.4,399.p.29274,399,12514
98,10,399.l.12514.t.8,399.p.28493,399,12514
99,10,399.l.12514.t.3,399.p.100025,399,12514
100,10,399.l.12514.t.6,399.p.32687,399,12514
101,11,399.l.12514.t.6,399.p.31902,399,12514
102,11,399.l.12514.t.3,399.p.31379,399,12514
103,11,399.l.12514.t.8,399.p.27548,399,12514
104,11,399.l.12514.t.4,399.p.24057,399,12514
105,11,399.l.12514.t.2,399.p.31104,399,12514
106,11,399.l.12514.t.10,399.p.30153,399,12514
107,11,399.l.12514.t.7,399.p.100033,399,12514
108,11,399.l.12514.t.1,399.p.31852,399,12514
109,11,399.l.12514.t.9,399.p.31013,399,12514
110,11,399.l.12514.t.5,399.p.31021,399,12514
111,12,399.l.12514.t.5,399.p.30977,399,12514
112,12,399.l.12514.t.9,399.p.100002,399,12514
113,12,399.l.12514.t.1,399.p.24788,399,12514
114,12,399.l.12514.t.7,399.p.31868,399,12514
115,12,399.l.12514.t.10,399.p.31074,399,12514
116,12,399.l.12514.t.2,399.p.27619,399,12514
117,12,399.l.12514.t.4,399.p.100023,399,12514
118,12,399.l.12514.t.8,399.p.31919,399,12514
119,12,399.l.12514.t.3,399.p.28461,399,12514
120,12,399.l.12514.t.6,399.p.7200,399,12514
121,13,399.l.12514.t.6,399.p.100003,399,12514
122,13,399.l.12514.t.3,399.p.31888,399,12514
123,13,399.l.12514.t.8,399.p.31012,399,12514
124,13,399.l.12514.t.4,399.p.28465,399,12514
125,13,399.l.12514.t.2,399.p.29754,399,12514
126,13,399.l.12514.t.10,399.p.25881,399,12514
127,13,399.l.12514.t.7,399.p.31017,399,12514
128,13,399.l.12514.t.1,399.p.27658,399,12514
129,13,399.l.12514.t.9,399.p.5228,399,12514
130,13,399.l.12514.t.5,399.p.30995,399,12514
131,14,399.l.12514.t.5,399.p.7520,399,12514
132,14,399.l.12514.t.9,399.p.31268,399,12514
133,14,399.l.12514.t.1,399.p.100007,399,12514
134,14,399.l.12514.t.7,399.p.29236,399,12514
135,14,399.l.12514.t.10,399.p.100017,399,12514
136,14,399.l.12514.t.2,399.p.32732,399,12514
137,14,399.l.12514.t.4,399.p.27299,399,12514
138,14,399.l.12514.t.8,399.p.31972,399,12514
139,14,399.l.12514.t.3,399.p.9265,399,12514
140,14,399.l.12514.t.6,399.p.30337,399,12514
141,15,399.l.12514.t.6,399.p.9317,399,12514
142,15,399.l.12514.t.3,399.p.8565,399,12514
143,15,399.l.12514.t.8,399.p.27624,399,12514
144,15,399.l.12514.t.4,399.p.25427,399,12514
145,15,399.l.12514.t.2,399.p.100011,399,12514
146,15,399.l.12514.t.10,399.p.32746,399,12514
147,15,399.l.12514.t.7,399.p.30426,399,12514
148,15,399.l.12514.t.1,399.p.8826,399,12514
149,15,399.l.12514.t.9,399.p.27585,399,12514
150,15,399.l.12514.t.5,399.p.100021,399,12514
1,1,380.l.236583.t.1,380.p.28398,380,236583
2,1,380.l.236583.t.9,380.p.29238,380,236583
3,1,380.l.236583.t.5,380.p.26671,380,236583
4,1,380.l.236583.t.6,380.p.28474,380,236583
5,1,380.l.236583.t.8,380.p.24171,380,236583
6,1,380.l.236583.t.4,380.p.30180,380,236583
7,1,380.l.236583.t.2,380.p.26650,380,236583
8,1,380.l.236583.t.10,380.p.30972,380,236583
9,1,380.l.236583.t.7,380.p.30199,380,236583
10,1,380.l.236583.t.3,380.p.27540,380,236583
11,2,380.l.236583.t.3,380.p.28403,380,236583
12,2,380.l.236583.t.7,380.p.30117,380,236583
13,2,380.l.236583.t.10,380.p.24793,380,236583
14,2,380.l.236583.t.2,380.p.29281,380,236583
15,2,380.l.236583.t.4,380.p.27581,380,236583
16,2,380.l.236583.t.8,380.p.26699,380,236583
17,2,380.l.236583.t.6,380.p.30154,380,236583
18,2,380.l.236583.t.5,380.p.24017,380,236583
1,1,390.l.215172.t.7,390.p.30972,390,215172
2,1,390.l.215172.t.3,390.p.30180,390,215172
3,1,390.l.215172.t.4,390.p.30121,390,215172
4,1,390.l.215172.t.6,390.p.29238,390,215172
5,1,390.l.215172.t.9,390.p.28474,390,215172
6,1,390.l.215172.t.10,390.p.26650,390,215172
7,1,390.l.215172.t.1,390.p.31005,390,215172
8,1,390.l.215172.t.5,390.p.30218,390,215172
9,1,390.l.215172.t.2,390.p.27581,390,215172
10,1,390.l.215172.t.8,390.p.30154,390,215172
11,2,390.l.215172.t.8,390.p.30175,390,215172
12,2,390.l.215172.t.2,390.p.24793,390,215172
13,2,390.l.215172.t.5,390.p.29281,390,215172
14,2,390.l.215172.t.1,390.p.26671,390,215172
15,2,390.l.215172.t.10,390.p.26686,390,215172
16,2,390.l.215172.t.9,390.p.28398,390,215172
17,2,390.l.215172.t.6,390.p.29399,390,215172
18,2,390.l.215172.t.4,390.p.30161,390,215172
19,2,390.l.215172.t.3,390.p.27540,390,215172
20,2,390.l.215172.t.7,390.p.24171,390,215172
21,3,390.l.215172.t.7,390.p.30123,390,215172
22,3,390.l.215172.t.3,390.p.30295,390,215172
23,3,390.l.215172.t.4,390.p.30259,390,215172
24,3,390.l.215172.t.6,390.p.31013,390,215172
25,3,390.l.215172.t.9,390.p.27535,390,215172
26,3,390.l.215172.t.10,390.p.27631,390,215172
27,3,390.l.215172.t.1,390.p.26699,390,215172
28,3,390.l.215172.t.5,390.p.26658,390,215172
29,3,390.l.215172.t.2,390.p.28115,390,215172
30,3,390.l.215172.t.8,390.p.30117,390,215172
31,4,390.l.215172.t.8,390.p.28534,390,215172
32,4,390.l.215172.t.2,390.p.9496,390,215172
33,4,390.l.215172.t.5,390.p.28392,390,215172
34,4,390.l.215172.t.1,390.p.26664,390,215172
35,4,390.l.215172.t.10,390.p.31905,390,215172
36,4,390.l.215172.t.9,390.p.27277,390,215172
37,4,390.l.215172.t.6,390.p.31856,390,215172
38,4,390.l.215172.t.4,390.p.30362,390,215172
39,4,390.l.215172.t.3,390.p.30197,390,215172
40,4,390.l.215172.t.7,390.p.27548,390,215172
41,5,390.l.215172.t.7,390.p.29269,390,215172
42,5,390.l.215172.t.3,390.p.29279,390,215172
43,5,390.l.215172.t.4,390.p.31001,390,215172
44,5,390.l.215172.t.6,390.p.25802,390,215172
45,5,390.l.215172.t.9,390.p.30256,390,215172
46,5,390.l.215172.t.10,390.p.24815,390,215172
47,5,390.l.215172.t.1,390.p.28457,390,215172
48,5,390.l.215172.t.5,390.p.30125,390,215172
49,5,390.l.215172.t.2,390.p.30209,390,215172
50,5,390.l.215172.t.8,390.p.7200,390,215172
51,6,390.l.215172.t.8,390.p.30120,390,215172
52,6,390.l.215172.t.2,390.p.30132,390,215172
53,6,390.l.215172.t.5,390.p.28403,390,215172
54,6,390.l.215172.t.1,390.p.31885,390,215172
55,6,390.l.215172.t.10,390.p.29288,390,215172
56,6,390.l.215172.t.9,390.p.31379,390,215172
57,6,390.l.215172.t.6,390.p.30182,390,215172
58,6,390.l.215172.t.4,390.p.27589,390,215172
59,6,390.l.215172.t.3,390.p.28465,390,215172
60,6,390.l.215172.t.7,390.p.30996,390,215172
61,7,390.l.215172.t.7,390.p.31041,390,215172
62,7,390.l.215172.t.3,390.p.30971,390,215172
63,7,390.l.215172.t.4,390.p.26561,390,215172
64,7,390.l.215172.t.6,390.p.27658,390,215172
65,7,390.l.215172.t.9,390.p.9353,390,215172
66,7,390.l.215172.t.10,390.p.30136,390,215172
67,7,390.l.215172.t.1,390.p.28461,390,215172
68,7,390.l.215172.t.5,390.p.31017,390,215172
69,7,390.l.215172.t.2,390.p.30232,390,215172
70,7,390.l.215172.t.8,390.p.29307,390,215172
71,8,390.l.215172.t.8,390.p.27591,390,215172
72,8,390.l.215172.t.2,390.p.30423,390,215172
73,8,390.l.215172.t.5,390.p.30994,390,215172
74,8,390.l.215172.t.1,390.p.29785,390,215172
75,8,390.l.215172.t.10,390.p.29255,390,215172
76,8,390.l.215172.t.9,390.p.8780,390,215172
77,8,390.l.215172.t.6,390.p.30223,390,215172
78,8,390.l.215172.t.4,390.p.25755,390,215172
79,8,390.l.215172.t.3,390.p.30153,390,215172
80,8,390.l.215172.t.7,390.p.30118,390,215172
81,9,390.l.215172.t.7,390.p.25881,390,215172
82,9,390.l.215172.t.3,390.p.24791,390,215172
83,9,390.l.215172.t.4,390.p.31002,390,215172
84,9,390.l.215172.t.6,390.p.26678,390,215172
85,9,390.l.215172.t.9,390.p.29274,390,215172
86,9,390.l.215172.t.10,390.p.26804,390,215172
87,9,390.l.215172.t.1,390.p.24788,390,215172
88,9,390.l.215172.t.5,390.p.25785,390,215172
89,9,390.l.215172.t.2,390.p.31906,390,215172
90,9,390.l.215172.t.8,390.p.30142,390,215172
91,10,390.l.215172.t.8,390.p.100003,390,215172
92,10,390.l.215172.t.2,390.p.30552,390,215172
93,10,390.l.215172.t.5,390.p.30997,390,215172
94,10,390.l.215172.t.1,390.p.31056,390,215172
95,10,390.l.215172.t.10,390.p.25876,390,215172
96,10,390.l.215172.t.9,390.p.31902,390,215172
97,10,390.l.215172.t.6,390.p.28389,390,215172
98,10,390.l.215172.t.4,390.p.31029,390,215172
99,10,390.l.215172.t.3,390.p.5479,390,215172
100,10,390.l.215172.t.7,390.p.100017,390,215172
101,11,390.l.215172.t.7,390.p.29235,390,215172
102,11,390.l.215172.t.3,390.p.7924,390,215172
103,11,390.l.215172.t.4,390.p.31014,390,215172
104,11,390.l.215172.t.6,390.p.31960,390,215172
105,11,390.l.215172.t.9,390.p.24057,390,215172
106,11,390.l.215172.t.10,390.p.29236,390,215172
107,11,390.l.215172.t.1,390.p.27532,390,215172
108,11,390.l.215172.t.5,390.p.29315,390,215172
109,11,390.l.215172.t.2,390.p.32046,390,215172
110,11,390.l.215172.t.8,390.p.6762,390,215172
111,12,390.l.215172.t.8,390.p.27618,390,215172
112,12,390.l.215172.t.2,390.p.31051,390,215172
113,12,390.l.215172.t.5,390.p.31100,390,215172
114,12,390.l.215172.t.1,390.p.8826,390,215172
115,12,390.l.215172.t.10,390.p.100014,390,215172
116,12,390.l.215172.t.9,390.p.29384,390,215172
117,12,390.l.215172.t.6,390.p.29719,390,215172
118,12,390.l.215172.t.4,390.p.31144,390,215172
119,12,390.l.215172.t.3,390.p.100034,390,215172
120,12,390.l.215172.t.7,390.p.8261,390,215172
121,13,390.l.215172.t.7,390.p.27585,390,215172
122,13,390.l.215172.t.3,390.p.31010,390,215172
123,13,390.l.215172.t.4,390.p.100030,390,215172
124,13,390.l.215172.t.6,390.p.29560,390,215172
125,13,390.l.215172.t.9,390.p.30346,390,215172
126,13,390.l.215172.t.10,390.p.8285,390,215172
127,13,390.l.215172.t.1,390.p.100007,390,215172
128,13,390.l.215172.t.5,390.p.100016,390,215172
129,13,390.l.215172.t.2,390.p.6763,390,215172
130,13,390.l.215172.t.8,390.p.31074,390,215172
131,14,390.l.215172.t.8,390.p.26534,390,215172
132,14,390.l.215172.t.2,390.p.100033,390,215172
133,14,390.l.215172.t.5,390.p.7867,390,215172
134,14,390.l.215172.t.1,390.p.9317,390,215172
135,14,390.l.215172.t.10,390.p.29369,390,215172
136,14,390.l.215172.t.9,390.p.24830,390,215172
137,14,390.l.215172.t.6,390.p.100006,390,215172
138,14,390.l.215172.t.4,390.p.31945,390,215172
139,14,390.l.215172.t.3,390.p.5228,390,215172
140,14,390.l.215172.t.7,390.p.27619,390,215172
141,15,390.l.215172.t.7,390.p.26767,390,215172
142,15,390.l.215172.t.3,390.p.25427,390,215172
143,15,390.l.215172.t.4,390.p.31221,390,215172
144,15,390.l.215172.t.6,390.p.29792,390,215172
145,15,390.l.215172.t.9,390.p.100026,390,215172
146,15,390.l.215172.t.10,390.p.29754,390,215172
147,15,390.l.215172.t.1,390.p.30266,390,215172
148,15,390.l.215172.t.5,390.p.31919,390,215172
149,15,390.l.215172.t.2,390.p.8447,390,215172
150,15,390.l.215172.t.8,390.p.24936,390,215172
19,2,380.l.236583.t.9,380.p.24791,380,236583
20,2,380.l.236583.t.1,380.p.27535,380,236583
21,3,380.l.236583.t.1,380.p.27631,380,236583
22,3,380.l.236583.t.9,380.p.30121,380,236583
23,3,380.l.236583.t.5,380.p.27277,380,236583
24,3,380.l.236583.t.6,380.p.25802,380,236583
25,3,380.l.236583.t.8,380.p.29384,380,236583
26,3,380.l.236583.t.4,380.p.25105,380,236583
27,3,380.l.236583.t.2,380.p.7200,380,236583
28,3,380.l.236583.t.10,380.p.26686,380,236583
29,3,380.l.236583.t.7,380.p.24035,380,236583
30,3,380.l.236583.t.3,380.p.5228,380,236583
31,4,380.l.236583.t.3,380.p.26658,380,236583
32,4,380.l.236583.t.7,380.p.30175,380,236583
33,4,380.l.236583.t.10,380.p.6762,380,236583
34,4,380.l.236583.t.2,380.p.27624,380,236583
35,4,380.l.236583.t.4,380.p.30161,380,236583
36,4,380.l.236583.t.8,380.p.9317,380,236583
37,4,380.l.236583.t.6,380.p.29399,380,236583
38,4,380.l.236583.t.5,380.p.23997,380,236583
39,4,380.l.236583.t.9,380.p.28534,380,236583
40,4,380.l.236583.t.1,380.p.30125,380,236583
41,5,380.l.236583.t.1,380.p.28392,380,236583
42,5,380.l.236583.t.9,380.p.29279,380,236583
43,5,380.l.236583.t.5,380.p.29307,380,236583
44,5,380.l.236583.t.6,380.p.29405,380,236583
45,5,380.l.236583.t.8,380.p.27591,380,236583
46,5,380.l.236583.t.4,380.p.25785,380,236583
47,5,380.l.236583.t.2,380.p.27548,380,236583
48,5,380.l.236583.t.10,380.p.26561,380,236583
49,5,380.l.236583.t.7,380.p.27589,380,236583
50,5,380.l.236583.t.3,380.p.25876,380,236583
51,6,380.l.236583.t.3,380.p.28537,380,236583
52,6,380.l.236583.t.7,380.p.25178,380,236583
53,6,380.l.236583.t.10,380.p.24788,380,236583
54,6,380.l.236583.t.2,380.p.30136,380,236583
55,6,380.l.236583.t.4,380.p.24070,380,236583
56,6,380.l.236583.t.8,380.p.25807,380,236583
57,6,380.l.236583.t.6,380.p.24815,380,236583
58,6,380.l.236583.t.5,380.p.30997,380,236583
59,6,380.l.236583.t.9,380.p.5479,380,236583
60,6,380.l.236583.t.1,380.p.8285,380,236583
61,7,380.l.236583.t.1,380.p.8266,380,236583
62,7,380.l.236583.t.9,380.p.9274,380,236583
63,7,380.l.236583.t.5,380.p.24936,380,236583
64,7,380.l.236583.t.6,380.p.24830,380,236583
65,7,380.l.236583.t.8,380.p.6770,380,236583
66,7,380.l.236583.t.4,380.p.30118,380,236583
67,7,380.l.236583.t.2,380.p.31041,380,236583
68,7,380.l.236583.t.10,380.p.26813,380,236583
69,7,380.l.236583.t.7,380.p.31013,380,236583
70,7,380.l.236583.t.3,380.p.27532,380,236583
71,8,380.l.236583.t.3,380.p.25881,380,236583
72,8,380.l.236583.t.7,380.p.30182,380,236583
73,8,380.l.236583.t.10,380.p.100030,380,236583
74,8,380.l.236583.t.2,380.p.29236,380,236583
75,8,380.l.236583.t.4,380.p.31008,380,236583
76,8,380.l.236583.t.8,380.p.7924,380,236583
77,8,380.l.236583.t.6,380.p.25812,380,236583
78,8,380.l.236583.t.5,380.p.31001,380,236583
79,8,380.l.236583.t.9,380.p.28493,380,236583
80,8,380.l.236583.t.1,380.p.29255,380,236583
81,9,380.l.236583.t.1,380.p.100021,380,236583
82,9,380.l.236583.t.9,380.p.8813,380,236583
83,9,380.l.236583.t.5,380.p.26664,380,236583
84,9,380.l.236583.t.6,380.p.26701,380,236583
85,9,380.l.236583.t.8,380.p.30232,380,236583
86,9,380.l.236583.t.4,380.p.100016,380,236583
87,9,380.l.236583.t.2,380.p.25755,380,236583
88,9,380.l.236583.t.10,380.p.7867,380,236583
89,9,380.l.236583.t.7,380.p.9265,380,236583
90,9,380.l.236583.t.3,380.p.100014,380,236583
91,10,380.l.236583.t.3,380.p.28429,380,236583
92,10,380.l.236583.t.7,380.p.24057,380,236583
93,10,380.l.236583.t.10,380.p.29785,380,236583
94,10,380.l.236583.t.2,380.p.26878,380,236583
95,10,380.l.236583.t.4,380.p.28402,380,236583
96,10,380.l.236583.t.8,380.p.28408,380,236583
97,10,380.l.236583.t.6,380.p.29274,380,236583
98,10,380.l.236583.t.5,380.p.25711,380,236583
99,10,380.l.236583.t.9,380.p.27789,380,236583
100,10,380.l.236583.t.1,380.p.26708,380,236583
101,11,380.l.236583.t.1,380.p.26534,380,236583
102,11,380.l.236583.t.9,380.p.100024,380,236583
103,11,380.l.236583.t.5,380.p.6243,380,236583
104,11,380.l.236583.t.6,380.p.100007,380,236583
105,11,380.l.236583.t.8,380.p.27590,380,236583
106,11,380.l.236583.t.4,380.p.30247,380,236583
107,11,380.l.236583.t.2,380.p.30142,380,236583
108,11,380.l.236583.t.10,380.p.8982,380,236583
109,11,380.l.236583.t.7,380.p.28461,380,236583
110,11,380.l.236583.t.3,380.p.27585,380,236583
111,12,380.l.236583.t.3,380.p.26777,380,236583
112,12,380.l.236583.t.7,380.p.9496,380,236583
113,12,380.l.236583.t.10,380.p.28014,380,236583
114,12,380.l.236583.t.2,380.p.30346,380,236583
115,12,380.l.236583.t.4,380.p.24851,380,236583
116,12,380.l.236583.t.8,380.p.30256,380,236583
117,12,380.l.236583.t.6,380.p.30362,380,236583
118,12,380.l.236583.t.5,380.p.26804,380,236583
119,12,380.l.236583.t.9,380.p.28390,380,236583
120,12,380.l.236583.t.1,380.p.26767,380,236583
121,13,380.l.236583.t.1,380.p.27556,380,236583
122,13,380.l.236583.t.9,380.p.30295,380,236583
123,13,380.l.236583.t.5,380.p.6763,380,236583
124,13,380.l.236583.t.6,380.p.27567,380,236583
125,13,380.l.236583.t.8,380.p.100018,380,236583
126,13,380.l.236583.t.4,380.p.24062,380,236583
127,13,380.l.236583.t.2,380.p.30120,380,236583
128,13,380.l.236583.t.10,380.p.30123,380,236583
129,13,380.l.236583.t.7,380.p.30259,380,236583
130,13,380.l.236583.t.3,380.p.29249,380,236583
131,14,380.l.236583.t.3,380.p.29256,380,236583
132,14,380.l.236583.t.7,380.p.30266,380,236583
133,14,380.l.236583.t.10,380.p.27299,380,236583
134,14,380.l.236583.t.2,380.p.28465,380,236583
135,14,380.l.236583.t.4,380.p.29754,380,236583
136,14,380.l.236583.t.8,380.p.7520,380,236583
137,14,380.l.236583.t.6,380.p.29694,380,236583
138,14,380.l.236583.t.5,380.p.100033,380,236583
139,14,380.l.236583.t.9,380.p.28482,380,236583
140,14,380.l.236583.t.1,380.p.29235,380,236583
141,15,380.l.236583.t.1,380.p.29370,380,236583
142,15,380.l.236583.t.9,380.p.25427,380,236583
143,15,380.l.236583.t.5,380.p.26644,380,236583
144,15,380.l.236583.t.6,380.p.3727,380,236583
145,15,380.l.236583.t.8,380.p.27646,380,236583
146,15,380.l.236583.t.4,380.p.31074,380,236583
147,15,380.l.236583.t.2,380.p.100023,380,236583
148,15,380.l.236583.t.10,380.p.100034,380,236583
149,15,380.l.236583.t.7,380.p.100017,380,236583
150,15,380.l.236583.t.3,380.p.7868,380,236583
1,1,371.l.525547.t.3,371.p.28474,371,525547
2,1,371.l.525547.t.2,371.p.26671,371,525547
3,1,371.l.525547.t.8,371.p.24171,371,525547
4,1,371.l.525547.t.7,371.p.24793,371,525547
5,1,371.l.525547.t.9,371.p.5228,371,525547
6,1,371.l.525547.t.10,371.p.9317,371,525547
7,1,371.l.525547.t.4,371.p.27540,371,525547
8,1,371.l.525547.t.1,371.p.24791,371,525547
9,1,371.l.525547.t.5,371.p.8813,371,525547
10,1,371.l.525547.t.6,371.p.28537,371,525547
11,2,371.l.525547.t.6,371.p.27535,371,525547
12,2,371.l.525547.t.5,371.p.27631,371,525547
13,2,371.l.525547.t.1,371.p.29281,371,525547
14,2,371.l.525547.t.4,371.p.28403,371,525547
15,2,371.l.525547.t.10,371.p.29384,371,525547
16,2,371.l.525547.t.9,371.p.28398,371,525547
17,2,371.l.525547.t.7,371.p.23999,371,525547
18,2,371.l.525547.t.8,371.p.29238,371,525547
19,2,371.l.525547.t.2,371.p.24858,371,525547
20,2,371.l.525547.t.3,371.p.28392,371,525547
21,3,371.l.525547.t.3,371.p.27548,371,525547
22,3,371.l.525547.t.2,371.p.24017,371,525547
23,3,371.l.525547.t.8,371.p.30154,371,525547
24,3,371.l.525547.t.7,371.p.25807,371,525547
25,3,371.l.525547.t.9,371.p.25105,371,525547
26,3,371.l.525547.t.10,371.p.25802,371,525547
27,3,371.l.525547.t.4,371.p.30199,371,525547
28,3,371.l.525547.t.1,371.p.30117,371,525547
29,3,371.l.525547.t.5,371.p.7200,371,525547
30,3,371.l.525547.t.6,371.p.26699,371,525547
31,4,371.l.525547.t.6,371.p.27646,371,525547
32,4,371.l.525547.t.5,371.p.28014,371,525547
33,4,371.l.525547.t.1,371.p.30121,371,525547
34,4,371.l.525547.t.4,371.p.27585,371,525547
35,4,371.l.525547.t.10,371.p.25681,371,525547
36,4,371.l.525547.t.9,371.p.26686,371,525547
37,4,371.l.525547.t.7,371.p.5479,371,525547
38,4,371.l.525547.t.8,371.p.9274,371,525547
39,4,371.l.525547.t.2,371.p.26650,371,525547
40,4,371.l.525547.t.3,371.p.28482,371,525547
41,5,371.l.525547.t.3,371.p.23997,371,525547
42,5,371.l.525547.t.2,371.p.25755,371,525547
43,5,371.l.525547.t.8,371.p.28442,371,525547
44,5,371.l.525547.t.7,371.p.27581,371,525547
45,5,371.l.525547.t.9,371.p.27556,371,525547
46,5,371.l.525547.t.10,371.p.8266,371,525547
47,5,371.l.525547.t.4,371.p.30161,371,525547
48,5,371.l.525547.t.1,371.p.29399,371,525547
49,5,371.l.525547.t.5,371.p.27589,371,525547
50,5,371.l.525547.t.6,371.p.24815,371,525547
51,6,371.l.525547.t.6,371.p.24070,371,525547
52,6,371.l.525547.t.5,371.p.8285,371,525547
53,6,371.l.525547.t.1,371.p.8780,371,525547
54,6,371.l.525547.t.4,371.p.24035,371,525547
55,6,371.l.525547.t.10,371.p.26708,371,525547
56,6,371.l.525547.t.9,371.p.26878,371,525547
57,6,371.l.525547.t.7,371.p.29383,371,525547
58,6,371.l.525547.t.8,371.p.7241,371,525547
59,6,371.l.525547.t.2,371.p.6762,371,525547
60,6,371.l.525547.t.3,371.p.26644,371,525547
61,7,371.l.525547.t.3,371.p.25785,371,525547
62,7,371.l.525547.t.2,371.p.24913,371,525547
63,7,371.l.525547.t.8,371.p.9560,371,525547
64,7,371.l.525547.t.7,371.p.28461,371,525547
65,7,371.l.525547.t.9,371.p.7867,371,525547
66,7,371.l.525547.t.10,371.p.27532,371,525547
67,7,371.l.525547.t.4,371.p.28402,371,525547
68,7,371.l.525547.t.1,371.p.28493,371,525547
69,7,371.l.525547.t.5,371.p.24057,371,525547
70,7,371.l.525547.t.6,371.p.28534,371,525547
71,8,371.l.525547.t.6,371.p.24788,371,525547
72,8,371.l.525547.t.5,371.p.25741,371,525547
73,8,371.l.525547.t.1,371.p.8261,371,525547
74,8,371.l.525547.t.4,371.p.25812,371,525547
75,8,371.l.525547.t.10,371.p.6770,371,525547
76,8,371.l.525547.t.9,371.p.8982,371,525547
77,8,371.l.525547.t.7,371.p.24830,371,525547
78,8,371.l.525547.t.8,371.p.6763,371,525547
79,8,371.l.525547.t.2,371.p.28390,371,525547
80,8,371.l.525547.t.3,371.p.7924,371,525547
81,9,371.l.525547.t.3,371.p.29279,371,525547
82,9,371.l.525547.t.2,371.p.27591,371,525547
83,9,371.l.525547.t.8,371.p.7868,371,525547
84,9,371.l.525547.t.7,371.p.26534,371,525547
85,9,371.l.525547.t.9,371.p.100026,371,525547
86,9,371.l.525547.t.10,371.p.27564,371,525547
87,9,371.l.525547.t.4,371.p.26658,371,525547
88,9,371.l.525547.t.1,371.p.100007,371,525547
89,9,371.l.525547.t.5,371.p.29694,371,525547
90,9,371.l.525547.t.6,371.p.8263,371,525547
91,10,371.l.525547.t.6,371.p.24318,371,525547
92,10,371.l.525547.t.5,371.p.100022,371,525547
93,10,371.l.525547.t.1,371.p.8838,371,525547
94,10,371.l.525547.t.4,371.p.28691,371,525547
95,10,371.l.525547.t.10,371.p.8826,371,525547
96,10,371.l.525547.t.9,371.p.9283,371,525547
97,10,371.l.525547.t.7,371.p.26787,371,525547
98,10,371.l.525547.t.8,371.p.100034,371,525547
99,10,371.l.525547.t.2,371.p.27622,371,525547
100,10,371.l.525547.t.3,371.p.27619,371,525547
101,11,371.l.525547.t.3,371.p.8781,371,525547
102,11,371.l.525547.t.2,371.p.28389,371,525547
103,11,371.l.525547.t.8,371.p.24851,371,525547
104,11,371.l.525547.t.7,371.p.100017,371,525547
105,11,371.l.525547.t.9,371.p.29369,371,525547
106,11,371.l.525547.t.10,371.p.8790,371,525547
107,11,371.l.525547.t.4,371.p.9294,371,525547
108,11,371.l.525547.t.1,371.p.27120,371,525547
109,11,371.l.525547.t.5,371.p.28026,371,525547
110,11,371.l.525547.t.6,371.p.26822,371,525547
111,12,371.l.525547.t.6,371.p.27618,371,525547
112,12,371.l.525547.t.5,371.p.25427,371,525547
113,12,371.l.525547.t.1,371.p.25711,371,525547
114,12,371.l.525547.t.4,371.p.29324,371,525547
115,12,371.l.525547.t.10,371.p.6663,371,525547
116,12,371.l.525547.t.9,371.p.24062,371,525547
117,12,371.l.525547.t.7,371.p.25937,371,525547
118,12,371.l.525547.t.8,371.p.26684,371,525547
119,12,371.l.525547.t.2,371.p.28465,371,525547
120,12,371.l.525547.t.3,371.p.8447,371,525547
121,13,371.l.525547.t.3,371.p.100023,371,525547
122,13,371.l.525547.t.2,371.p.6243,371,525547
123,13,371.l.525547.t.8,371.p.29269,371,525547
124,13,371.l.525547.t.7,371.p.9265,371,525547
125,13,371.l.525547.t.9,371.p.28714,371,525547
126,13,371.l.525547.t.10,371.p.3727,371,525547
127,13,371.l.525547.t.4,371.p.28395,371,525547
128,13,371.l.525547.t.1,371.p.30118,371,525547
129,13,371.l.525547.t.5,371.p.24932,371,525547
130,13,371.l.525547.t.6,371.p.100012,371,525547
131,14,371.l.525547.t.6,371.p.25178,371,525547
132,14,371.l.525547.t.5,371.p.29249,371,525547
133,14,371.l.525547.t.1,371.p.8850,371,525547
134,14,371.l.525547.t.4,371.p.29754,371,525547
135,14,371.l.525547.t.10,371.p.100009,371,525547
136,14,371.l.525547.t.9,371.p.27277,371,525547
137,14,371.l.525547.t.7,371.p.7306,371,525547
138,14,371.l.525547.t.8,371.p.30150,371,525547
139,14,371.l.525547.t.2,371.p.27570,371,525547
140,14,371.l.525547.t.3,371.p.6760,371,525547
141,15,371.l.525547.t.3,371.p.100033,371,525547
142,15,371.l.525547.t.2,371.p.100016,371,525547
143,15,371.l.525547.t.8,371.p.5046,371,525547
144,15,371.l.525547.t.7,371.p.9348,371,525547
145,15,371.l.525547.t.9,371.p.8821,371,525547
146,15,371.l.525547.t.10,371.p.24822,371,525547
147,15,371.l.525547.t.4,371.p.100019,371,525547
148,15,371.l.525547.t.1,371.p.30362,371,525547
149,15,371.l.525547.t.5,371.p.30851,371,525547
150,15,371.l.525547.t.6,371.p.25876,371,525547
1,1,359.l.185373.t.3,359.p.24171,359,185373
2,1,359.l.185373.t.2,359.p.27540,359,185373
3,1,359.l.185373.t.1,359.p.28398,359,185373
4,1,359.l.185373.t.9,359.p.24793,359,185373
5,1,359.l.185373.t.10,359.p.28474,359,185373
6,1,359.l.185373.t.6,359.p.29238,359,185373
7,1,359.l.185373.t.8,359.p.26650,359,185373
8,1,359.l.185373.t.7,359.p.8261,359,185373
9,1,359.l.185373.t.5,359.p.24791,359,185373
10,1,359.l.185373.t.4,359.p.25807,359,185373
11,2,359.l.185373.t.4,359.p.27535,359,185373
12,2,359.l.185373.t.5,359.p.26671,359,185373
13,2,359.l.185373.t.7,359.p.24017,359,185373
14,2,359.l.185373.t.8,359.p.7868,359,185373
15,2,359.l.185373.t.6,359.p.25741,359,185373
16,2,359.l.185373.t.10,359.p.23999,359,185373
17,2,359.l.185373.t.9,359.p.27589,359,185373
18,2,359.l.185373.t.1,359.p.8850,359,185373
19,2,359.l.185373.t.2,359.p.8813,359,185373
20,2,359.l.185373.t.3,359.p.27548,359,185373
21,3,359.l.185373.t.3,359.p.26699,359,185373
22,3,359.l.185373.t.2,359.p.9317,359,185373
23,3,359.l.185373.t.1,359.p.27631,359,185373
24,3,359.l.185373.t.9,359.p.24815,359,185373
25,3,359.l.185373.t.10,359.p.27532,359,185373
26,3,359.l.185373.t.6,359.p.28392,359,185373
27,3,359.l.185373.t.8,359.p.26684,359,185373
28,3,359.l.185373.t.7,359.p.25755,359,185373
29,3,359.l.185373.t.5,359.p.7200,359,185373
30,3,359.l.185373.t.4,359.p.27585,359,185373
31,4,359.l.185373.t.4,359.p.24851,359,185373
32,4,359.l.185373.t.5,359.p.25802,359,185373
33,4,359.l.185373.t.7,359.p.24788,359,185373
34,4,359.l.185373.t.8,359.p.23997,359,185373
35,4,359.l.185373.t.6,359.p.24062,359,185373
36,4,359.l.185373.t.10,359.p.6770,359,185373
37,4,359.l.185373.t.9,359.p.26878,359,185373
38,4,359.l.185373.t.1,359.p.25785,359,185373
39,4,359.l.185373.t.2,359.p.9283,359,185373
40,4,359.l.185373.t.3,359.p.26708,359,185373
41,5,359.l.185373.t.3,359.p.26804,359,185373
42,5,359.l.185373.t.2,359.p.8285,359,185373
43,5,359.l.185373.t.1,359.p.7776,359,185373
44,5,359.l.185373.t.9,359.p.25711,359,185373
45,5,359.l.185373.t.10,359.p.27591,359,185373
46,5,359.l.185373.t.6,359.p.27618,359,185373
47,5,359.l.185373.t.8,359.p.24858,359,185373
48,5,359.l.185373.t.7,359.p.25105,359,185373
49,5,359.l.185373.t.5,359.p.28714,359,185373
50,5,359.l.185373.t.4,359.p.24035,359,185373
51,6,359.l.185373.t.4,359.p.8790,359,185373
52,6,359.l.185373.t.5,359.p.27556,359,185373
53,6,359.l.185373.t.7,359.p.8821,359,185373
54,6,359.l.185373.t.8,359.p.5479,359,185373
55,6,359.l.185373.t.6,359.p.9496,359,185373
56,6,359.l.185373.t.10,359.p.26686,359,185373
57,6,359.l.185373.t.9,359.p.25723,359,185373
58,6,359.l.185373.t.1,359.p.27874,359,185373
59,6,359.l.185373.t.2,359.p.27583,359,185373
60,6,359.l.185373.t.3,359.p.28483,359,185373
61,7,359.l.185373.t.3,359.p.9527,359,185373
62,7,359.l.185373.t.2,359.p.9560,359,185373
63,7,359.l.185373.t.1,359.p.27570,359,185373
64,7,359.l.185373.t.9,359.p.7924,359,185373
65,7,359.l.185373.t.10,359.p.7241,359,185373
66,7,359.l.185373.t.6,359.p.6337,359,185373
67,7,359.l.185373.t.8,359.p.25744,359,185373
68,7,359.l.185373.t.7,359.p.28403,359,185373
69,7,359.l.185373.t.5,359.p.23987,359,185373
70,7,359.l.185373.t.4,359.p.6760,359,185373
71,8,359.l.185373.t.4,359.p.26660,359,185373
72,8,359.l.185373.t.5,359.p.5228,359,185373
73,8,359.l.185373.t.7,359.p.6762,359,185373
74,8,359.l.185373.t.8,359.p.24400,359,185373
75,8,359.l.185373.t.6,359.p.28494,359,185373
76,8,359.l.185373.t.10,359.p.24057,359,185373
77,8,359.l.185373.t.9,359.p.100007,359,185373
78,8,359.l.185373.t.1,359.p.100029,359,185373
79,8,359.l.185373.t.2,359.p.28465,359,185373
80,8,359.l.185373.t.3,359.p.25876,359,185373
81,9,359.l.185373.t.3,359.p.6763,359,185373
82,9,359.l.185373.t.2,359.p.27531,359,185373
83,9,359.l.185373.t.1,359.p.24916,359,185373
84,9,359.l.185373.t.9,359.p.7867,359,185373
85,9,359.l.185373.t.10,359.p.9514,359,185373
86,9,359.l.185373.t.6,359.p.8907,359,185373
87,9,359.l.185373.t.8,359.p.29249,359,185373
88,9,359.l.185373.t.7,359.p.8826,359,185373
89,9,359.l.185373.t.5,359.p.26561,359,185373
90,9,359.l.185373.t.4,359.p.29274,359,185373
91,10,359.l.185373.t.4,359.p.5521,359,185373
92,10,359.l.185373.t.5,359.p.9274,359,185373
93,10,359.l.185373.t.7,359.p.100026,359,185373
94,10,359.l.185373.t.8,359.p.100022,359,185373
95,10,359.l.185373.t.6,359.p.100034,359,185373
96,10,359.l.185373.t.10,359.p.24967,359,185373
97,10,359.l.185373.t.9,359.p.28402,359,185373
98,10,359.l.185373.t.1,359.p.7237,359,185373
99,10,359.l.185373.t.2,359.p.26631,359,185373
100,10,359.l.185373.t.3,359.p.28457,359,185373
101,11,359.l.185373.t.3,359.p.28442,359,185373
102,11,359.l.185373.t.2,359.p.28395,359,185373
103,11,359.l.185373.t.1,359.p.27619,359,185373
104,11,359.l.185373.t.9,359.p.24936,359,185373
105,11,359.l.185373.t.10,359.p.100012,359,185373
106,11,359.l.185373.t.6,359.p.29279,359,185373
107,11,359.l.185373.t.8,359.p.6663,359,185373
108,11,359.l.185373.t.7,359.p.24318,359,185373
109,11,359.l.185373.t.5,359.p.28461,359,185373
110,11,359.l.185373.t.4,359.p.24845,359,185373
111,12,359.l.185373.t.4,359.p.9444,359,185373
112,12,359.l.185373.t.5,359.p.100014,359,185373
113,12,359.l.185373.t.7,359.p.28014,359,185373
114,12,359.l.185373.t.8,359.p.28026,359,185373
115,12,359.l.185373.t.6,359.p.26644,359,185373
116,12,359.l.185373.t.10,359.p.25427,359,185373
117,12,359.l.185373.t.9,359.p.26658,359,185373
118,12,359.l.185373.t.1,359.p.8838,359,185373
119,12,359.l.185373.t.2,359.p.28424,359,185373
120,12,359.l.185373.t.3,359.p.25812,359,185373
121,13,359.l.185373.t.3,359.p.28534,359,185373
122,13,359.l.185373.t.2,359.p.27597,359,185373
123,13,359.l.185373.t.1,359.p.9526,359,185373
124,13,359.l.185373.t.9,359.p.6624,359,185373
125,13,359.l.185373.t.10,359.p.6390,359,185373
126,13,359.l.185373.t.6,359.p.27564,359,185373
127,13,359.l.185373.t.8,359.p.24913,359,185373
128,13,359.l.185373.t.7,359.p.28537,359,185373
129,13,359.l.185373.t.5,359.p.9353,359,185373
130,13,359.l.185373.t.4,359.p.28475,359,185373
131,14,359.l.185373.t.4,359.p.28389,359,185373
132,14,359.l.185373.t.5,359.p.29281,359,185373
133,14,359.l.185373.t.7,359.p.28417,359,185373
134,14,359.l.185373.t.8,359.p.25793,359,185373
135,14,359.l.185373.t.6,359.p.26702,359,185373
136,14,359.l.185373.t.10,359.p.9010,359,185373
137,14,359.l.185373.t.9,359.p.25810,359,185373
138,14,359.l.185373.t.1,359.p.28428,359,185373
139,14,359.l.185373.t.2,359.p.24070,359,185373
140,14,359.l.185373.t.3,359.p.8447,359,185373
141,15,359.l.185373.t.3,359.p.100004,359,185373
142,15,359.l.185373.t.2,359.p.26534,359,185373
143,15,359.l.185373.t.1,359.p.28429,359,185373
144,15,359.l.185373.t.9,359.p.100017,359,185373
145,15,359.l.185373.t.10,359.p.27538,359,185373
146,15,359.l.185373.t.6,359.p.9066,359,185373
147,15,359.l.185373.t.8,359.p.9219,359,185373
148,15,359.l.185373.t.7,359.p.28103,359,185373
149,15,359.l.185373.t.5,359.p.28227,359,185373
150,15,359.l.185373.t.4,359.p.100025,359,185373
1,1,314.l.731544.t.5,314.p.8261,314,731544
2,1,314.l.731544.t.3,314.p.9527,314,731544
3,1,314.l.731544.t.7,314.p.25741,314,731544
4,1,314.l.731544.t.9,314.p.23984,314,731544
5,1,314.l.731544.t.4,314.p.9317,314,731544
6,1,314.l.731544.t.11,314.p.8850,314,731544
7,1,314.l.731544.t.2,314.p.8266,314,731544
8,1,314.l.731544.t.6,314.p.8832,314,731544
9,1,314.l.731544.t.12,314.p.7200,314,731544
10,1,314.l.731544.t.10,314.p.8256,314,731544
11,1,314.l.731544.t.1,314.p.5479,314,731544
12,1,314.l.731544.t.8,314.p.23999,314,731544
13,2,314.l.731544.t.8,314.p.24070,314,731544
14,2,314.l.731544.t.1,314.p.3950,314,731544
15,2,314.l.731544.t.10,314.p.6783,314,731544
16,2,314.l.731544.t.12,314.p.7868,314,731544
17,2,314.l.731544.t.6,314.p.25883,314,731544
18,2,314.l.731544.t.2,314.p.25713,314,731544
19,2,314.l.731544.t.11,314.p.24791,314,731544
20,2,314.l.731544.t.4,314.p.8821,314,731544
21,2,314.l.731544.t.9,314.p.7809,314,731544
22,2,314.l.731544.t.7,314.p.8801,314,731544
23,2,314.l.731544.t.3,314.p.24860,314,731544
24,2,314.l.731544.t.5,314.p.24793,314,731544
25,3,314.l.731544.t.5,314.p.4256,314,731544
26,3,314.l.731544.t.3,314.p.5228,314,731544
27,3,314.l.731544.t.7,314.p.6339,314,731544
28,3,314.l.731544.t.9,314.p.23997,314,731544
29,3,314.l.731544.t.4,314.p.6762,314,731544
30,3,314.l.731544.t.11,314.p.7203,314,731544
31,3,314.l.731544.t.2,314.p.7237,314,731544
32,3,314.l.731544.t.6,314.p.24553,314,731544
33,3,314.l.731544.t.12,314.p.7241,314,731544
34,3,314.l.731544.t.10,314.p.8780,314,731544
35,3,314.l.731544.t.1,314.p.9037,314,731544
36,3,314.l.731544.t.8,314.p.7751,314,731544
37,4,314.l.731544.t.8,314.p.25742,314,731544
1,1,348.l.570821.t.2,348.p.8261,348,570821
2,1,348.l.570821.t.8,348.p.24171,348,570821
3,1,348.l.570821.t.10,348.p.8850,348,570821
4,1,348.l.570821.t.9,348.p.26684,348,570821
5,1,348.l.570821.t.4,348.p.26671,348,570821
6,1,348.l.570821.t.6,348.p.8266,348,570821
7,1,348.l.570821.t.7,348.p.27583,348,570821
8,1,348.l.570821.t.5,348.p.24793,348,570821
9,1,348.l.570821.t.3,348.p.24017,348,570821
10,1,348.l.570821.t.1,348.p.26878,348,570821
11,2,348.l.570821.t.1,348.p.8821,348,570821
12,2,348.l.570821.t.3,348.p.23999,348,570821
13,2,348.l.570821.t.5,348.p.27540,348,570821
14,2,348.l.570821.t.7,348.p.24858,348,570821
15,2,348.l.570821.t.6,348.p.23997,348,570821
16,2,348.l.570821.t.4,348.p.9010,348,570821
17,2,348.l.570821.t.9,348.p.25807,348,570821
18,2,348.l.570821.t.10,348.p.7241,348,570821
19,2,348.l.570821.t.8,348.p.8256,348,570821
20,2,348.l.570821.t.2,348.p.25711,348,570821
21,3,348.l.570821.t.2,348.p.24791,348,570821
22,3,348.l.570821.t.8,348.p.24815,348,570821
23,3,348.l.570821.t.10,348.p.7200,348,570821
24,3,348.l.570821.t.9,348.p.25802,348,570821
25,3,348.l.570821.t.4,348.p.25755,348,570821
26,3,348.l.570821.t.6,348.p.24851,348,570821
27,3,348.l.570821.t.7,348.p.27570,348,570821
28,3,348.l.570821.t.5,348.p.9317,348,570821
29,3,348.l.570821.t.3,348.p.27535,348,570821
30,3,348.l.570821.t.1,348.p.27548,348,570821
31,4,348.l.570821.t.1,348.p.6339,348,570821
32,4,348.l.570821.t.3,348.p.26650,348,570821
33,4,348.l.570821.t.5,348.p.28403,348,570821
34,4,348.l.570821.t.7,348.p.5479,348,570821
35,4,348.l.570821.t.6,348.p.26774,348,570821
36,4,348.l.570821.t.4,348.p.24057,348,570821
37,4,348.l.570821.t.9,348.p.25785,348,570821
38,4,348.l.570821.t.10,348.p.27581,348,570821
39,4,348.l.570821.t.8,348.p.26810,348,570821
40,4,348.l.570821.t.2,348.p.25883,348,570821
41,5,348.l.570821.t.2,348.p.24035,348,570821
42,5,348.l.570821.t.8,348.p.6624,348,570821
43,5,348.l.570821.t.10,348.p.24070,348,570821
44,5,348.l.570821.t.9,348.p.9496,348,570821
45,5,348.l.570821.t.4,348.p.9527,348,570821
46,5,348.l.570821.t.6,348.p.4256,348,570821
47,5,348.l.570821.t.7,348.p.28392,348,570821
48,5,348.l.570821.t.5,348.p.8285,348,570821
49,5,348.l.570821.t.3,348.p.26804,348,570821
50,5,348.l.570821.t.1,348.p.6770,348,570821
51,6,348.l.570821.t.1,348.p.25741,348,570821
52,6,348.l.570821.t.3,348.p.28442,348,570821
53,6,348.l.570821.t.5,348.p.27585,348,570821
54,6,348.l.570821.t.7,348.p.26686,348,570821
55,6,348.l.570821.t.6,348.p.8838,348,570821
56,6,348.l.570821.t.4,348.p.27591,348,570821
57,6,348.l.570821.t.9,348.p.8790,348,570821
58,6,348.l.570821.t.10,348.p.7237,348,570821
59,6,348.l.570821.t.8,348.p.24400,348,570821
60,6,348.l.570821.t.2,348.p.6405,348,570821
61,7,348.l.570821.t.2,348.p.28398,348,570821
62,7,348.l.570821.t.8,348.p.7868,348,570821
63,7,348.l.570821.t.10,348.p.8780,348,570821
64,7,348.l.570821.t.9,348.p.7924,348,570821
65,7,348.l.570821.t.4,348.p.24318,348,570821
66,7,348.l.570821.t.6,348.p.26699,348,570821
67,7,348.l.570821.t.7,348.p.8826,348,570821
68,7,348.l.570821.t.5,348.p.27532,348,570821
69,7,348.l.570821.t.3,348.p.5228,348,570821
70,7,348.l.570821.t.1,348.p.27646,348,570821
71,8,348.l.570821.t.1,348.p.24889,348,570821
72,8,348.l.570821.t.3,348.p.9283,348,570821
73,8,348.l.570821.t.5,348.p.25718,348,570821
74,8,348.l.570821.t.7,348.p.28424,348,570821
75,8,348.l.570821.t.6,348.p.27631,348,570821
76,8,348.l.570821.t.4,348.p.24788,348,570821
77,8,348.l.570821.t.9,348.p.27589,348,570821
78,8,348.l.570821.t.10,348.p.23984,348,570821
79,8,348.l.570821.t.8,348.p.9514,348,570821
80,8,348.l.570821.t.2,348.p.28408,348,570821
81,9,348.l.570821.t.2,348.p.24262,348,570821
82,9,348.l.570821.t.8,348.p.27619,348,570821
83,9,348.l.570821.t.10,348.p.26660,348,570821
84,9,348.l.570821.t.9,348.p.24843,348,570821
85,9,348.l.570821.t.4,348.p.24062,348,570821
86,9,348.l.570821.t.6,348.p.100026,348,570821
87,9,348.l.570821.t.7,348.p.100002,348,570821
88,9,348.l.570821.t.5,348.p.9348,348,570821
89,9,348.l.570821.t.3,348.p.7203,348,570821
90,9,348.l.570821.t.1,348.p.5521,348,570821
91,10,348.l.570821.t.1,348.p.24553,348,570821
92,10,348.l.570821.t.3,348.p.6760,348,570821
93,10,348.l.570821.t.5,348.p.9265,348,570821
94,10,348.l.570821.t.7,348.p.28429,348,570821
95,10,348.l.570821.t.6,348.p.26839,348,570821
96,10,348.l.570821.t.4,348.p.7847,348,570821
97,10,348.l.570821.t.9,348.p.7867,348,570821
98,10,348.l.570821.t.10,348.p.6762,348,570821
99,10,348.l.570821.t.8,348.p.25730,348,570821
100,10,348.l.570821.t.2,348.p.23987,348,570821
101,11,348.l.570821.t.2,348.p.6390,348,570821
102,11,348.l.570821.t.8,348.p.100034,348,570821
103,11,348.l.570821.t.10,348.p.100021,348,570821
104,11,348.l.570821.t.9,348.p.100014,348,570821
105,11,348.l.570821.t.4,348.p.23976,348,570821
106,11,348.l.570821.t.6,348.p.6763,348,570821
107,11,348.l.570821.t.7,348.p.28461,348,570821
108,11,348.l.570821.t.5,348.p.27582,348,570821
109,11,348.l.570821.t.3,348.p.7751,348,570821
110,11,348.l.570821.t.1,348.p.27560,348,570821
111,12,348.l.570821.t.1,348.p.8063,348,570821
112,12,348.l.570821.t.3,348.p.26644,348,570821
113,12,348.l.570821.t.5,348.p.100022,348,570821
114,12,348.l.570821.t.7,348.p.24845,348,570821
115,12,348.l.570821.t.6,348.p.24916,348,570821
116,12,348.l.570821.t.4,348.p.9560,348,570821
117,12,348.l.570821.t.9,348.p.24823,348,570821
118,12,348.l.570821.t.10,348.p.25427,348,570821
119,12,348.l.570821.t.8,348.p.25774,348,570821
120,12,348.l.570821.t.2,348.p.8781,348,570821
121,13,348.l.570821.t.2,348.p.25743,348,570821
122,13,348.l.570821.t.8,348.p.26758,348,570821
123,13,348.l.570821.t.10,348.p.8982,348,570821
124,13,348.l.570821.t.9,348.p.28465,348,570821
125,13,348.l.570821.t.4,348.p.27709,348,570821
126,13,348.l.570821.t.6,348.p.25723,348,570821
127,13,348.l.570821.t.7,348.p.8001,348,570821
128,13,348.l.570821.t.5,348.p.28014,348,570821
129,13,348.l.570821.t.3,348.p.3727,348,570821
130,13,348.l.570821.t.1,348.p.100007,348,570821
131,14,348.l.570821.t.1,348.p.8565,348,570821
132,14,348.l.570821.t.3,348.p.27603,348,570821
133,14,348.l.570821.t.5,348.p.8447,348,570821
134,14,348.l.570821.t.7,348.p.26658,348,570821
135,14,348.l.570821.t.6,348.p.8819,348,570821
136,14,348.l.570821.t.4,348.p.26534,348,570821
137,14,348.l.570821.t.9,348.p.9001,348,570821
138,14,348.l.570821.t.10,348.p.27641,348,570821
139,14,348.l.570821.t.8,348.p.6663,348,570821
140,14,348.l.570821.t.2,348.p.7306,348,570821
141,15,348.l.570821.t.2,348.p.24053,348,570821
142,15,348.l.570821.t.8,348.p.9066,348,570821
143,15,348.l.570821.t.10,348.p.7206,348,570821
144,15,348.l.570821.t.9,348.p.24830,348,570821
145,15,348.l.570821.t.4,348.p.100017,348,570821
146,15,348.l.570821.t.6,348.p.26702,348,570821
147,15,348.l.570821.t.7,348.p.6243,348,570821
148,15,348.l.570821.t.5,348.p.7760,348,570821
149,15,348.l.570821.t.3,348.p.100033,348,570821
150,15,348.l.570821.t.1,348.p.26273,348,570821
1,1,331.l.793441.t.7,331.p.9317,331,793441
2,1,331.l.793441.t.2,331.p.8261,331,793441
3,1,331.l.793441.t.10,331.p.8850,331,793441
4,1,331.l.793441.t.3,331.p.8821,331,793441
5,1,331.l.793441.t.4,331.p.26684,331,793441
6,1,331.l.793441.t.5,331.p.8266,331,793441
7,1,331.l.793441.t.1,331.p.24070,331,793441
8,1,331.l.793441.t.8,331.p.8256,331,793441
9,1,331.l.793441.t.6,331.p.23997,331,793441
10,1,331.l.793441.t.9,331.p.24791,331,793441
11,2,331.l.793441.t.9,331.p.7868,331,793441
12,2,331.l.793441.t.6,331.p.4256,331,793441
13,2,331.l.793441.t.8,331.p.7200,331,793441
14,2,331.l.793441.t.1,331.p.26681,331,793441
15,2,331.l.793441.t.5,331.p.5479,331,793441
16,2,331.l.793441.t.4,331.p.23999,331,793441
17,2,331.l.793441.t.3,331.p.24793,331,793441
18,2,331.l.793441.t.10,331.p.24858,331,793441
19,2,331.l.793441.t.2,331.p.26660,331,793441
20,2,331.l.793441.t.7,331.p.26810,331,793441
21,3,331.l.793441.t.7,331.p.26671,331,793441
22,3,331.l.793441.t.2,331.p.8813,331,793441
23,3,331.l.793441.t.10,331.p.25755,331,793441
24,3,331.l.793441.t.3,331.p.9527,331,793441
25,3,331.l.793441.t.4,331.p.26783,331,793441
26,3,331.l.793441.t.5,331.p.24916,331,793441
27,3,331.l.793441.t.1,331.p.25883,331,793441
28,3,331.l.793441.t.8,331.p.25741,331,793441
29,3,331.l.793441.t.6,331.p.24171,331,793441
30,3,331.l.793441.t.9,331.p.6339,331,793441
31,4,331.l.793441.t.9,331.p.7751,331,793441
32,4,331.l.793441.t.6,331.p.24262,331,793441
33,4,331.l.793441.t.8,331.p.7237,331,793441
34,4,331.l.793441.t.1,331.p.26699,331,793441
35,4,331.l.793441.t.5,331.p.7027,331,793441
36,4,331.l.793441.t.4,331.p.24026,331,793441
37,4,331.l.793441.t.3,331.p.24788,331,793441
38,4,331.l.793441.t.10,331.p.24553,331,793441
39,4,331.l.793441.t.2,331.p.6762,331,793441
40,4,331.l.793441.t.7,331.p.24851,331,793441
41,5,331.l.793441.t.7,331.p.7203,331,793441
42,5,331.l.793441.t.2,331.p.9265,331,793441
43,5,331.l.793441.t.10,331.p.23987,331,793441
44,5,331.l.793441.t.3,331.p.7755,331,793441
45,5,331.l.793441.t.4,331.p.8982,331,793441
46,5,331.l.793441.t.5,331.p.8826,331,793441
47,5,331.l.793441.t.1,331.p.9274,331,793441
48,5,331.l.793441.t.8,331.p.9514,331,793441
49,5,331.l.793441.t.6,331.p.7241,331,793441
50,5,331.l.793441.t.9,331.p.24017,331,793441
51,6,331.l.793441.t.9,331.p.8801,331,793441
52,6,331.l.793441.t.6,331.p.7809,331,793441
53,6,331.l.793441.t.8,331.p.24889,331,793441
54,6,331.l.793441.t.1,331.p.24845,331,793441
55,6,331.l.793441.t.5,331.p.24843,331,793441
56,6,331.l.793441.t.4,331.p.8780,331,793441
57,6,331.l.793441.t.3,331.p.8001,331,793441
58,6,331.l.793441.t.10,331.p.25712,331,793441
59,6,331.l.793441.t.2,331.p.23984,331,793441
60,6,331.l.793441.t.7,331.p.25711,331,793441
61,7,331.l.793441.t.7,331.p.8285,331,793441
62,7,331.l.793441.t.2,331.p.25802,331,793441
63,7,331.l.793441.t.10,331.p.24830,331,793441
64,7,331.l.793441.t.3,331.p.8832,331,793441
65,7,331.l.793441.t.4,331.p.6405,331,793441
66,7,331.l.793441.t.5,331.p.27532,331,793441
67,7,331.l.793441.t.1,331.p.5228,331,793441
68,7,331.l.793441.t.8,331.p.25713,331,793441
69,7,331.l.793441.t.6,331.p.24089,331,793441
70,7,331.l.793441.t.9,331.p.7760,331,793441
71,8,331.l.793441.t.9,331.p.24062,331,793441
72,8,331.l.793441.t.6,331.p.27582,331,793441
73,8,331.l.793441.t.8,331.p.25723,331,793441
74,8,331.l.793441.t.1,331.p.24033,331,793441
75,8,331.l.793441.t.5,331.p.26652,331,793441
76,8,331.l.793441.t.4,331.p.100026,331,793441
77,8,331.l.793441.t.3,331.p.24823,331,793441
78,8,331.l.793441.t.10,331.p.100025,331,793441
79,8,331.l.793441.t.2,331.p.25807,331,793441
80,8,331.l.793441.t.7,331.p.100014,331,793441
81,9,331.l.793441.t.7,331.p.7867,331,793441
82,9,331.l.793441.t.2,331.p.100029,331,793441
83,9,331.l.793441.t.10,331.p.8565,331,793441
84,9,331.l.793441.t.3,331.p.9496,331,793441
85,9,331.l.793441.t.4,331.p.3727,331,793441
86,9,331.l.793441.t.5,331.p.100022,331,793441
87,9,331.l.793441.t.1,331.p.9283,331,793441
88,9,331.l.793441.t.8,331.p.9348,331,793441
89,9,331.l.793441.t.6,331.p.25798,331,793441
90,9,331.l.793441.t.9,331.p.24057,331,793441
91,10,331.l.793441.t.9,331.p.8561,331,793441
92,10,331.l.793441.t.6,331.p.9286,331,793441
93,10,331.l.793441.t.8,331.p.6783,331,793441
94,10,331.l.793441.t.1,331.p.26708,331,793441
95,10,331.l.793441.t.5,331.p.4269,331,793441
96,10,331.l.793441.t.4,331.p.26697,331,793441
97,10,331.l.793441.t.3,331.p.6663,331,793441
98,10,331.l.793441.t.10,331.p.6624,331,793441
99,10,331.l.793441.t.2,331.p.26658,331,793441
100,10,331.l.793441.t.7,331.p.25730,331,793441
101,11,331.l.793441.t.7,331.p.24860,331,793441
102,11,331.l.793441.t.2,331.p.6763,331,793441
103,11,331.l.793441.t.10,331.p.27585,331,793441
104,11,331.l.793441.t.3,331.p.6390,331,793441
105,11,331.l.793441.t.4,331.p.24035,331,793441
106,11,331.l.793441.t.5,331.p.25785,331,793441
107,11,331.l.793441.t.1,331.p.8063,331,793441
108,11,331.l.793441.t.8,331.p.25794,331,793441
109,11,331.l.793441.t.6,331.p.27556,331,793441
110,11,331.l.793441.t.9,331.p.24822,331,793441
111,12,331.l.793441.t.9,331.p.24135,331,793441
112,12,331.l.793441.t.6,331.p.26534,331,793441
113,12,331.l.793441.t.8,331.p.25820,331,793441
114,12,331.l.793441.t.1,331.p.100007,331,793441
115,12,331.l.793441.t.5,331.p.26561,331,793441
116,12,331.l.793441.t.4,331.p.27622,331,793441
117,12,331.l.793441.t.3,331.p.7776,331,793441
118,12,331.l.793441.t.10,331.p.27548,331,793441
119,12,331.l.793441.t.2,331.p.27535,331,793441
120,12,331.l.793441.t.7,331.p.5477,331,793441
121,13,331.l.793441.t.7,331.p.6770,331,793441
122,13,331.l.793441.t.2,331.p.9066,331,793441
123,13,331.l.793441.t.10,331.p.27583,331,793441
124,13,331.l.793441.t.3,331.p.7306,331,793441
125,13,331.l.793441.t.4,331.p.24961,331,793441
126,13,331.l.793441.t.5,331.p.8277,331,793441
127,13,331.l.793441.t.1,331.p.8447,331,793441
128,13,331.l.793441.t.8,331.p.100012,331,793441
129,13,331.l.793441.t.6,331.p.9276,331,793441
130,13,331.l.793441.t.9,331.p.24815,331,793441
131,14,331.l.793441.t.9,331.p.8838,331,793441
132,14,331.l.793441.t.6,331.p.100004,331,793441
133,14,331.l.793441.t.8,331.p.7505,331,793441
134,14,331.l.793441.t.1,331.p.26650,331,793441
135,14,331.l.793441.t.5,331.p.25744,331,793441
136,14,331.l.793441.t.4,331.p.6760,331,793441
137,14,331.l.793441.t.3,331.p.100017,331,793441
138,14,331.l.793441.t.10,331.p.26644,331,793441
139,14,331.l.793441.t.2,331.p.24901,331,793441
140,14,331.l.793441.t.7,331.p.7924,331,793441
141,15,331.l.793441.t.7,331.p.25427,331,793441
142,15,331.l.793441.t.2,331.p.25773,331,793441
143,15,331.l.793441.t.10,331.p.100003,331,793441
144,15,331.l.793441.t.3,331.p.5447,331,793441
145,15,331.l.793441.t.4,331.p.100002,331,793441
146,15,331.l.793441.t.5,331.p.9560,331,793441
147,15,331.l.793441.t.1,331.p.27550,331,793441
148,15,331.l.793441.t.8,331.p.27378,331,793441
149,15,331.l.793441.t.6,331.p.24318,331,793441
150,15,331.l.793441.t.9,331.p.100033,331,793441
38,4,314.l.731544.t.1,314.p.8504,314,731544
39,4,314.l.731544.t.10,314.p.24851,314,731544
40,4,314.l.731544.t.12,314.p.24788,314,731544
41,4,314.l.731544.t.6,314.p.25785,314,731544
42,4,314.l.731544.t.2,314.p.8001,314,731544
43,4,314.l.731544.t.11,314.p.24845,314,731544
44,4,314.l.731544.t.4,314.p.8277,314,731544
45,4,314.l.731544.t.9,314.p.8982,314,731544
46,4,314.l.731544.t.7,314.p.9265,314,731544
47,4,314.l.731544.t.3,314.p.9293,314,731544
48,4,314.l.731544.t.5,314.p.7755,314,731544
49,5,314.l.731544.t.5,314.p.6390,314,731544
50,5,314.l.731544.t.3,314.p.5477,314,731544
51,5,314.l.731544.t.7,314.p.5521,314,731544
52,5,314.l.731544.t.9,314.p.24823,314,731544
53,5,314.l.731544.t.4,314.p.24062,314,731544
54,5,314.l.731544.t.11,314.p.8781,314,731544
55,5,314.l.731544.t.2,314.p.24858,314,731544
56,5,314.l.731544.t.6,314.p.24171,314,731544
57,5,314.l.731544.t.12,314.p.26684,314,731544
58,5,314.l.731544.t.10,314.p.7306,314,731544
59,5,314.l.731544.t.1,314.p.8332,314,731544
60,5,314.l.731544.t.8,314.p.9348,314,731544
61,6,314.l.731544.t.8,314.p.25712,314,731544
62,6,314.l.731544.t.1,314.p.100003,314,731544
63,6,314.l.731544.t.10,314.p.8813,314,731544
64,6,314.l.731544.t.12,314.p.100025,314,731544
65,6,314.l.731544.t.6,314.p.100026,314,731544
66,6,314.l.731544.t.2,314.p.25711,314,731544
67,6,314.l.731544.t.11,314.p.7027,314,731544
68,6,314.l.731544.t.4,314.p.24017,314,731544
69,6,314.l.731544.t.9,314.p.8826,314,731544
70,6,314.l.731544.t.7,314.p.6405,314,731544
71,6,314.l.731544.t.3,314.p.8285,314,731544
72,6,314.l.731544.t.5,314.p.7776,314,731544
73,7,314.l.731544.t.5,314.p.24035,314,731544
74,7,314.l.731544.t.3,314.p.25807,314,731544
75,7,314.l.731544.t.7,314.p.100034,314,731544
76,7,314.l.731544.t.9,314.p.8868,314,731544
77,7,314.l.731544.t.4,314.p.6624,314,731544
78,7,314.l.731544.t.11,314.p.23987,314,731544
79,7,314.l.731544.t.2,314.p.9353,314,731544
80,7,314.l.731544.t.6,314.p.7847,314,731544
81,7,314.l.731544.t.12,314.p.7801,314,731544
82,7,314.l.731544.t.10,314.p.24830,314,731544
83,7,314.l.731544.t.1,314.p.9039,314,731544
84,7,314.l.731544.t.8,314.p.24076,314,731544
85,8,314.l.731544.t.8,314.p.100007,314,731544
86,8,314.l.731544.t.1,314.p.8021,314,731544
87,8,314.l.731544.t.10,314.p.100017,314,731544
88,8,314.l.731544.t.12,314.p.26631,314,731544
89,8,314.l.731544.t.6,314.p.9001,314,731544
90,8,314.l.731544.t.2,314.p.25802,314,731544
91,8,314.l.731544.t.11,314.p.9393,314,731544
92,8,314.l.731544.t.4,314.p.26660,314,731544
93,8,314.l.731544.t.9,314.p.100004,314,731544
94,8,314.l.731544.t.7,314.p.25962,314,731544
95,8,314.l.731544.t.3,314.p.24901,314,731544
96,8,314.l.731544.t.5,314.p.6849,314,731544
97,9,314.l.731544.t.5,314.p.7867,314,731544
98,9,314.l.731544.t.3,314.p.24400,314,731544
99,9,314.l.731544.t.7,314.p.24869,314,731544
100,9,314.l.731544.t.9,314.p.6243,314,731544
101,9,314.l.731544.t.4,314.p.8825,314,731544
102,9,314.l.731544.t.11,314.p.6760,314,731544
103,9,314.l.731544.t.2,314.p.26681,314,731544
104,9,314.l.731544.t.6,314.p.25777,314,731544
105,9,314.l.731544.t.12,314.p.6663,314,731544
106,9,314.l.731544.t.10,314.p.24815,314,731544
107,9,314.l.731544.t.1,314.p.25885,314,731544
108,9,314.l.731544.t.8,314.p.24843,314,731544
109,10,314.l.731544.t.8,314.p.24057,314,731544
110,10,314.l.731544.t.1,314.p.8795,314,731544
111,10,314.l.731544.t.10,314.p.6770,314,731544
112,10,314.l.731544.t.12,314.p.8800,314,731544
113,10,314.l.731544.t.6,314.p.26561,314,731544
114,10,314.l.731544.t.2,314.p.7544,314,731544
115,10,314.l.731544.t.11,314.p.25806,314,731544
116,10,314.l.731544.t.4,314.p.8298,314,731544
117,10,314.l.731544.t.9,314.p.5448,314,731544
118,10,314.l.731544.t.7,314.p.24822,314,731544
119,10,314.l.731544.t.3,314.p.9294,314,731544
120,10,314.l.731544.t.5,314.p.100014,314,731544
121,11,314.l.731544.t.5,314.p.25723,314,731544
122,11,314.l.731544.t.3,314.p.24033,314,731544
123,11,314.l.731544.t.7,314.p.4269,314,731544
124,11,314.l.731544.t.9,314.p.25794,314,731544
125,11,314.l.731544.t.4,314.p.24164,314,731544
126,11,314.l.731544.t.11,314.p.9466,314,731544
127,11,314.l.731544.t.2,314.p.25939,314,731544
128,11,314.l.731544.t.6,314.p.6337,314,731544
129,11,314.l.731544.t.12,314.p.5046,314,731544
130,11,314.l.731544.t.10,314.p.9560,314,731544
131,11,314.l.731544.t.1,314.p.25715,314,731544
132,11,314.l.731544.t.8,314.p.9281,314,731544
133,12,314.l.731544.t.8,314.p.9276,314,731544
134,12,314.l.731544.t.1,314.p.9329,314,731544
135,12,314.l.731544.t.10,314.p.24935,314,731544
136,12,314.l.731544.t.12,314.p.25764,314,731544
137,12,314.l.731544.t.6,314.p.100023,314,731544
138,12,314.l.731544.t.2,314.p.8838,314,731544
139,12,314.l.731544.t.11,314.p.8561,314,731544
140,12,314.l.731544.t.4,314.p.23976,314,731544
141,12,314.l.731544.t.9,314.p.24889,314,731544
142,12,314.l.731544.t.7,314.p.100022,314,731544
143,12,314.l.731544.t.3,314.p.100033,314,731544
144,12,314.l.731544.t.5,314.p.26671,314,731544
145,13,314.l.731544.t.5,314.p.9284,314,731544
146,13,314.l.731544.t.3,314.p.9674,314,731544
147,13,314.l.731544.t.7,314.p.26652,314,731544
148,13,314.l.731544.t.9,314.p.25773,314,731544
149,13,314.l.731544.t.4,314.p.100009,314,731544
150,13,314.l.731544.t.11,314.p.27235,314,731544
151,13,314.l.731544.t.2,314.p.7149,314,731544
152,13,314.l.731544.t.6,314.p.7206,314,731544
153,13,314.l.731544.t.12,314.p.25755,314,731544
154,13,314.l.731544.t.10,314.p.24932,314,731544
155,13,314.l.731544.t.1,314.p.9372,314,731544
156,13,314.l.731544.t.8,314.p.8327,314,731544
157,14,314.l.731544.t.8,314.p.9271,314,731544
158,14,314.l.731544.t.1,314.p.23996,314,731544
159,14,314.l.731544.t.10,314.p.8416,314,731544
160,14,314.l.731544.t.12,314.p.24856,314,731544
161,14,314.l.731544.t.6,314.p.26748,314,731544
162,14,314.l.731544.t.2,314.p.8565,314,731544
163,14,314.l.731544.t.11,314.p.100016,314,731544
164,14,314.l.731544.t.4,314.p.26534,314,731544
165,14,314.l.731544.t.9,314.p.26650,314,731544
166,14,314.l.731544.t.7,314.p.7177,314,731544
167,14,314.l.731544.t.3,314.p.25880,314,731544
168,14,314.l.731544.t.5,314.p.8063,314,731544
169,15,314.l.731544.t.5,314.p.26682,314,731544
170,15,314.l.731544.t.3,314.p.25427,314,731544
171,15,314.l.731544.t.7,314.p.24053,314,731544
172,15,314.l.731544.t.9,314.p.100027,314,731544
173,15,314.l.731544.t.4,314.p.25730,314,731544
174,15,314.l.731544.t.11,314.p.4587,314,731544
175,15,314.l.731544.t.2,314.p.100019,314,731544
176,15,314.l.731544.t.6,314.p.7520,314,731544
177,15,314.l.731544.t.12,314.p.100024,314,731544
178,15,314.l.731544.t.10,314.p.6558,314,731544
179,15,314.l.731544.t.1,314.p.24844,314,731544
180,15,314.l.731544.t.8,314.p.7223,314,731544
1,1,273.l.777818.t.9,273.p.9527,273,777818
2,1,273.l.777818.t.2,273.p.8832,273,777818
3,1,273.l.777818.t.3,273.p.9317,273,777818
4,1,273.l.777818.t.10,273.p.8256,273,777818
5,1,273.l.777818.t.5,273.p.7200,273,777818
6,1,273.l.777818.t.8,273.p.8781,273,777818
7,1,273.l.777818.t.12,273.p.5228,273,777818
8,1,273.l.777818.t.7,273.p.24017,273,777818
9,1,273.l.777818.t.4,273.p.5479,273,777818
10,1,273.l.777818.t.1,273.p.8801,273,777818
11,1,273.l.777818.t.6,273.p.8821,273,777818
12,1,273.l.777818.t.11,273.p.9265,273,777818
13,2,273.l.777818.t.11,273.p.7809,273,777818
14,2,273.l.777818.t.6,273.p.24788,273,777818
15,2,273.l.777818.t.1,273.p.24070,273,777818
16,2,273.l.777818.t.4,273.p.6762,273,777818
17,2,273.l.777818.t.7,273.p.8780,273,777818
18,2,273.l.777818.t.12,273.p.8266,273,777818
19,2,273.l.777818.t.8,273.p.8850,273,777818
20,2,273.l.777818.t.5,273.p.24793,273,777818
21,2,273.l.777818.t.10,273.p.24791,273,777818
22,2,273.l.777818.t.3,273.p.24858,273,777818
23,2,273.l.777818.t.2,273.p.6339,273,777818
24,2,273.l.777818.t.9,273.p.24553,273,777818
25,3,273.l.777818.t.9,273.p.23987,273,777818
26,3,273.l.777818.t.2,273.p.7868,273,777818
27,3,273.l.777818.t.3,273.p.7203,273,777818
28,3,273.l.777818.t.10,273.p.25713,273,777818
29,3,273.l.777818.t.5,273.p.7801,273,777818
30,3,273.l.777818.t.8,273.p.6760,273,777818
31,3,273.l.777818.t.12,273.p.6783,273,777818
32,3,273.l.777818.t.7,273.p.8261,273,777818
33,3,273.l.777818.t.4,273.p.7027,273,777818
34,3,273.l.777818.t.1,273.p.6624,273,777818
35,3,273.l.777818.t.6,273.p.8813,273,777818
36,3,273.l.777818.t.11,273.p.5521,273,777818
37,4,273.l.777818.t.11,273.p.9293,273,777818
38,4,273.l.777818.t.6,273.p.7241,273,777818
39,4,273.l.777818.t.1,273.p.6913,273,777818
40,4,273.l.777818.t.4,273.p.8504,273,777818
41,4,273.l.777818.t.7,273.p.8001,273,777818
42,4,273.l.777818.t.12,273.p.9286,273,777818
43,4,273.l.777818.t.8,273.p.9348,273,777818
44,4,273.l.777818.t.5,273.p.8063,273,777818
45,4,273.l.777818.t.10,273.p.9283,273,777818
46,4,273.l.777818.t.3,273.p.6460,273,777818
47,4,273.l.777818.t.2,273.p.6359,273,777818
48,4,273.l.777818.t.9,273.p.24171,273,777818
49,5,273.l.777818.t.9,273.p.8021,273,777818
50,5,273.l.777818.t.2,273.p.9001,273,777818
51,5,273.l.777818.t.3,273.p.6663,273,777818
52,5,273.l.777818.t.10,273.p.25741,273,777818
53,5,273.l.777818.t.5,273.p.24088,273,777818
54,5,273.l.777818.t.8,273.p.8868,273,777818
55,5,273.l.777818.t.12,273.p.24062,273,777818
56,5,273.l.777818.t.7,273.p.7237,273,777818
57,5,273.l.777818.t.4,273.p.7306,273,777818
58,5,273.l.777818.t.1,273.p.23999,273,777818
59,5,273.l.777818.t.6,273.p.7755,273,777818
60,5,273.l.777818.t.11,273.p.7751,273,777818
61,6,273.l.777818.t.11,273.p.8277,273,777818
62,6,273.l.777818.t.6,273.p.23997,273,777818
63,6,273.l.777818.t.1,273.p.8982,273,777818
64,6,273.l.777818.t.4,273.p.8825,273,777818
65,6,273.l.777818.t.7,273.p.8790,273,777818
66,6,273.l.777818.t.12,273.p.8826,273,777818
67,6,273.l.777818.t.8,273.p.5477,273,777818
68,6,273.l.777818.t.5,273.p.9004,273,777818
69,6,273.l.777818.t.10,273.p.5448,273,777818
70,6,273.l.777818.t.3,273.p.4256,273,777818
71,6,273.l.777818.t.2,273.p.9284,273,777818
72,6,273.l.777818.t.9,273.p.6763,273,777818
73,7,273.l.777818.t.9,273.p.6405,273,777818
74,7,273.l.777818.t.2,273.p.25712,273,777818
75,7,273.l.777818.t.3,273.p.24845,273,777818
76,7,273.l.777818.t.10,273.p.3950,273,777818
77,7,273.l.777818.t.5,273.p.9039,273,777818
78,7,273.l.777818.t.8,273.p.5046,273,777818
79,7,273.l.777818.t.12,273.p.23996,273,777818
80,7,273.l.777818.t.7,273.p.9271,273,777818
81,7,273.l.777818.t.4,273.p.100025,273,777818
82,7,273.l.777818.t.1,273.p.8329,273,777818
83,7,273.l.777818.t.6,273.p.8841,273,777818
84,7,273.l.777818.t.11,273.p.9353,273,777818
85,8,273.l.777818.t.11,273.p.7760,273,777818
86,8,273.l.777818.t.6,273.p.9294,273,777818
87,8,273.l.777818.t.1,273.p.100003,273,777818
88,8,273.l.777818.t.4,273.p.8281,273,777818
89,8,273.l.777818.t.7,273.p.100023,273,777818
90,8,273.l.777818.t.12,273.p.100021,273,777818
91,8,273.l.777818.t.8,273.p.100033,273,777818
92,8,273.l.777818.t.5,273.p.100009,273,777818
93,8,273.l.777818.t.10,273.p.100034,273,777818
94,8,273.l.777818.t.3,273.p.100026,273,777818
95,8,273.l.777818.t.2,273.p.100019,273,777818
96,8,273.l.777818.t.9,273.p.100017,273,777818
97,9,273.l.777818.t.9,273.p.4587,273,777818
98,9,273.l.777818.t.2,273.p.25730,273,777818
99,9,273.l.777818.t.3,273.p.8447,273,777818
100,9,273.l.777818.t.10,273.p.7867,273,777818
101,9,273.l.777818.t.5,273.p.24935,273,777818
102,9,273.l.777818.t.8,273.p.7149,273,777818
103,9,273.l.777818.t.12,273.p.25427,273,777818
104,9,273.l.777818.t.7,273.p.2034,273,777818
105,9,273.l.777818.t.4,273.p.9329,273,777818
106,9,273.l.777818.t.1,273.p.9295,273,777818
107,9,273.l.777818.t.6,273.p.8416,273,777818
108,9,273.l.777818.t.11,273.p.100020,273,777818
109,10,273.l.777818.t.11,273.p.24846,273,777818
110,10,273.l.777818.t.6,273.p.24076,273,777818
111,10,273.l.777818.t.1,273.p.6770,273,777818
112,10,273.l.777818.t.4,273.p.6390,273,777818
113,10,273.l.777818.t.7,273.p.9291,273,777818
114,10,273.l.777818.t.12,273.p.24860,273,777818
115,10,273.l.777818.t.8,273.p.24892,273,777818
116,10,273.l.777818.t.5,273.p.7774,273,777818
117,10,273.l.777818.t.10,273.p.7776,273,777818
118,10,273.l.777818.t.3,273.p.24932,273,777818
119,10,273.l.777818.t.2,273.p.9674,273,777818
120,10,273.l.777818.t.9,273.p.9514,273,777818
121,11,273.l.777818.t.9,273.p.24831,273,777818
122,11,273.l.777818.t.2,273.p.25715,273,777818
123,11,273.l.777818.t.3,273.p.8298,273,777818
124,11,273.l.777818.t.10,273.p.25711,273,777818
125,11,273.l.777818.t.5,273.p.24964,273,777818
126,11,273.l.777818.t.8,273.p.6849,273,777818
127,11,273.l.777818.t.12,273.p.7544,273,777818
128,11,273.l.777818.t.7,273.p.8916,273,777818
129,11,273.l.777818.t.4,273.p.9274,273,777818
130,11,273.l.777818.t.1,273.p.7180,273,777818
131,11,273.l.777818.t.6,273.p.8800,273,777818
132,11,273.l.777818.t.11,273.p.8807,273,777818
133,12,273.l.777818.t.11,273.p.8561,273,777818
134,12,273.l.777818.t.6,273.p.100010,273,777818
135,12,273.l.777818.t.1,273.p.7492,273,777818
136,12,273.l.777818.t.4,273.p.7847,273,777818
137,12,273.l.777818.t.7,273.p.24795,273,777818
138,12,273.l.777818.t.12,273.p.9281,273,777818
139,12,273.l.777818.t.8,273.p.8332,273,777818
140,12,273.l.777818.t.5,273.p.25105,273,777818
141,12,273.l.777818.t.10,273.p.24851,273,777818
142,12,273.l.777818.t.3,273.p.6337,273,777818
143,12,273.l.777818.t.2,273.p.24825,273,777818
144,12,273.l.777818.t.9,273.p.8285,273,777818
145,13,273.l.777818.t.9,273.p.5463,273,777818
146,13,273.l.777818.t.2,273.p.8872,273,777818
147,13,273.l.777818.t.3,273.p.4262,273,777818
148,13,273.l.777818.t.10,273.p.24813,273,777818
149,13,273.l.777818.t.5,273.p.8795,273,777818
150,13,273.l.777818.t.8,273.p.7206,273,777818
151,13,273.l.777818.t.12,273.p.9391,273,777818
152,13,273.l.777818.t.7,273.p.25755,273,777818
153,13,273.l.777818.t.4,273.p.24822,273,777818
154,13,273.l.777818.t.1,273.p.24830,273,777818
155,13,273.l.777818.t.6,273.p.7434,273,777818
156,13,273.l.777818.t.11,273.p.6407,273,777818
157,14,273.l.777818.t.11,273.p.24033,273,777818
158,14,273.l.777818.t.6,273.p.23984,273,777818
159,14,273.l.777818.t.1,273.p.9222,273,777818
160,14,273.l.777818.t.4,273.p.100008,273,777818
161,14,273.l.777818.t.7,273.p.9037,273,777818
162,14,273.l.777818.t.12,273.p.25744,273,777818
163,14,273.l.777818.t.8,273.p.9030,273,777818
164,14,273.l.777818.t.5,273.p.7520,273,777818
165,14,273.l.777818.t.10,273.p.8838,273,777818
166,14,273.l.777818.t.3,273.p.6765,273,777818
167,14,273.l.777818.t.2,273.p.6243,273,777818
168,14,273.l.777818.t.9,273.p.7426,273,777818
169,15,273.l.777818.t.9,273.p.100002,273,777818
170,15,273.l.777818.t.2,273.p.7177,273,777818
171,15,273.l.777818.t.3,273.p.8565,273,777818
172,15,273.l.777818.t.10,273.p.6824,273,777818
173,15,273.l.777818.t.5,273.p.8354,273,777818
174,15,273.l.777818.t.8,273.p.24907,273,777818
175,15,273.l.777818.t.12,273.p.1111,273,777818
176,15,273.l.777818.t.7,273.p.9032,273,777818
177,15,273.l.777818.t.4,273.p.7223,273,777818
178,15,273.l.777818.t.1,273.p.25742,273,777818
179,15,273.l.777818.t.6,273.p.23976,273,777818
180,15,273.l.777818.t.11,273.p.7527,273,777818
